Tw,method,N,F,G,H,Fz,Gz,rho,T,velocity_error,derivative_error,density_error,temperature_excess_error
1.0,adaptive_cubic,0,0.0023666743431388576,0.0003288330794638741,0.00012748993701019583,0.0020289769732803574,0.0017896525127056237,0.001008391377070012,1.0,0.0023666743431388576,0.0020289769732803574,0.001008391377070012,1.0
1.0,adaptive_pchip,0,0.002366674346879349,0.00032883297341895046,0.00012749097852041483,0.002028975207350712,0.0017897022838499511,0.0010083913788128203,1.0,0.002366674346879349,0.002028975207350712,0.0010083913788128203,1.0
1.0,trapezoid,251,0.002366678338582224,0.00032883308893127256,0.0001274899323421327,0.0020202295649434663,0.001789629470505058,0.001008389956928867,1.0,0.002366678338582224,0.0020202295649434663,0.001008389956928867,1.0
1.0,simpson,251,0.002366657508386547,0.00032883307149820926,0.00012748993237059737,0.0020296306473200913,0.0017897115237046589,0.0010083961052657477,1.0,0.002366657508386547,0.0020296306473200913,0.0010083961052657477,1.0
1.0,trapezoid,501,0.0023666746725136824,0.000328833088169445,0.00012748993233302258,0.0020268126672548722,0.001789648942654343,0.0010083912457144984,1.0,0.0023666746725136824,0.0020268126672548722,0.0010083912457144984,1.0
1.0,simpson,501,0.002366673450494491,0.0003288330879155025,0.00012748993232998586,0.0020290208707815435,0.0017896554333867493,0.0010083916753095357,1.0,0.002366673450494491,0.0020290208707815435,0.0010083916753095357,1.0
1.0,trapezoid,1001,0.0023666744474951746,0.00032883308815225676,0.00012748993233783787,0.002028437033473412,0.0017896512952005267,0.0010083913582432868,1.0,0.0023666744474951746,0.002028437033473412,0.0010083913582432868,1.0
1.0,simpson,1001,0.0023666743724890197,0.0003288330881465273,0.00012748993233944295,0.0020289793494950286,0.0017896520793837121,0.0010083913957528846,1.0,0.0023666743724890197,0.0020289793494950286,0.0010083913957528846,1.0
1.0,trapezoid,2001,0.002366674349944773,0.0003288330799804095,0.0001274899367191944,0.0020288421670019473,0.0017896523488156483,0.001008391373239638,1.0,0.002366674349944773,0.0020288421670019473,0.001008391373239638,1.0
1.0,simpson,2001,0.002366674317427972,0.0003288330772564604,0.00012748993817964654,0.0020289772652664208,0.0017896527000207515,0.0010083913782384217,1.0,0.002366674317427972,0.0020289772652664208,0.0010083913782384217,1.0
1.0,trapezoid,4001,0.002366674343848151,0.00032883307946933606,0.00012748993699303028,0.0020289432836633325,0.0017896524860823784,0.0010083913761671853,1.0,0.002366674343848151,0.0020289432836633325,0.0010083913761671853,1.0
1.0,simpson,4001,0.002366674341815943,0.00032883307929897825,0.00012748993708430894,0.002028976992573921,0.0017896525318379596,0.0010083913771430342,1.0,0.002366674341815943,0.002028976992573921,0.0010083913771430342,1.0
1.0,trapezoid,8001,0.0023666743434670903,0.00032883307943739037,0.0001274899370101487,0.002028968552411014,0.001789652512527072,0.0010083913768477197,1.0,0.0023666743434670903,0.002028968552411014,0.0010083913768477197,1.0
1.0,simpson,8001,0.00236667434334007,0.0003288330794267418,0.00012748993701585483,0.002028976975536662,0.0017896525213419695,0.0010083913770745645,1.0,0.00236667434334007,0.002028976975536662,0.0010083913770745645,1.0
1.0,trapezoid,16001,0.002366674343443275,0.0003288330794353936,0.00012748993701121802,0.002028974868946567,0.0017896525186457985,0.0010083913770146439,1.0,0.002366674343443275,0.002028974868946567,0.0010083913770146439,1.0
1.0,simpson,16001,0.002366674343435337,0.00032883307943472806,0.00012748993701157445,0.0020289769744715265,0.001789652520685374,0.0010083913770702853,1.0,0.002366674343435337,0.0020289769744715265,0.0010083913770702853,1.0
1.0,trapezoid,32001,0.0023666743434417868,0.0003288330794352681,0.0001274899370112847,0.002028976448039747,0.0017896525201447134,0.0010083913770561745,1.0,0.0023666743434417868,0.002028976448039747,0.0010083913770561745,1.0
1.0,simpson,32001,0.0023666743434412906,0.00032883307943522625,0.00012748993701130692,0.00202897697440496,0.0017896525206443517,0.0010083913770700178,1.0,0.0023666743434412906,0.00202897697440496,0.0010083913770700178,1.0
1.01,adaptive_cubic,0,0.006778335819284565,0.000926345502237059,0.0007132371404152439,0.006481348836327596,0.00542778972765863,0.0010025708393504988,0.3070140418961375,0.006778335819284565,0.006481348836327596,0.0010025708393504988,0.3070140418961375
1.01,adaptive_pchip,0,0.006778337439165314,0.0009263453682823646,0.0007132370009053019,0.0064813514234010995,0.005427773204094074,0.0010025708387130274,0.3070140417091098,0.006778337439165314,0.0064813514234010995,0.0010025708387130274,0.3070140417091098
1.01,trapezoid,251,0.0067783384699642195,0.000926345633306229,0.0007132371556621977,0.006476738086802469,0.005424773902988813,0.0010025913947285011,0.3070508391143174,0.0067783384699642195,0.006476738086802469,0.0010025913947285011,0.3070508391143174
1.01,simpson,251,0.0067783266806667065,0.0009263450550401074,0.0007132371373520014,0.0064810382436686605,0.005427806321061824,0.0010025753319504204,0.30701538325056693,0.0067783266806667065,0.0064810382436686605,0.0010025753319504204,0.30701538325056693
1.01,trapezoid,501,0.006778336091582909,0.000926345525255988,0.0007132371534810909,0.006480174417215192,0.005427036438433216,0.001002576190683484,0.3070233033300359,0.006778336091582909,0.006480174417215192,0.001002576190683484,0.3070233033300359
1.01,simpson,501,0.006778335298792027,0.000926345489239238,0.0007132371527540552,0.006481328957179043,0.005427790411824868,0.0010025711226159058,0.3070141264065796,0.006778335298792027,0.006481328957179043,0.0010025711226159058,0.3070141264065796
1.01,trapezoid,1001,0.006778335943096829,0.0009263455184410791,0.0007132371532243426,0.006481053681691049,0.005427601153288645,0.0010025721905074741,0.30701636114927044,0.006778335943096829,0.006481053681691049,0.0010025721905074741,0.30701636114927044
1.01,simpson,1001,0.00677833589360148,0.0009263455161694429,0.00071323715313876,0.006481347351822045,0.005427789378776739,0.0010025708571118359,0.3070140471940586,0.00677833589360148,0.006481347351822045,0.0010025708571118359,0.3070140471940586
1.01,trapezoid,2001,0.006778335828249922,0.0009263455031235133,0.0007132371412225824,0.006481275053566802,0.005427742743597991,0.0010025711779684647,0.3070146219516544,0.006778335828249922,0.006481275053566802,0.0010025711779684647,0.3070146219516544
1.01,simpson,2001,0.006778335789967617,0.0009263454980176581,0.0007132371372219955,0.006481348880821946,0.005427789939562911,0.001002570840455229,0.30701404222569006,0.006778335789967617,0.006481348880821946,0.001002570840455229,0.30701404222569006
1.01,trapezoid,4001,0.006778335821061233,0.0009263455021666331,0.0007132371404574052,0.006481330387488712,0.005427777992207001,0.0010025709240569138,0.3070141869251809,0.006778335821061233,0.006481330387488712,0.0010025709240569138,0.3070141869251809
1.01,simpson,4001,0.006778335818665005,0.0009263455018476729,0.0007132371402023462,0.006481348834418531,0.005427789741693456,0.0010025708394197153,0.30701404191676734,0.006778335818665005,0.006481348834418531,0.0010025708394197153,0.30701404191676734
1.01,trapezoid,8001,0.006778335820612035,0.0009263455021068104,0.0007132371404057862,0.006481344220474473,0.005427786795247483,0.0010025708605304752,0.3070140781543824,0.006778335820612035,0.006481344220474473,0.0010025708605304752,0.3070140781543824
1.01,simpson,8001,0.006778335820462302,0.0009263455020868696,0.00071323714038858,0.006481348831612799,0.0054277897295912,0.0010025708393549947,0.30701404189747533,0.006778335820462302,0.006481348831612799,0.0010025708393549947,0.30701404189747533
1.01,trapezoid,16001,0.006778335820583951,0.000926345502103072,0.0007132371404016115,0.006481347678685643,0.0054277889954260005,0.0010025708446458315,0.3070140509607957,0.006778335820583951,0.006481347678685643,0.0010025708446458315,0.3070140509607957
1.01,simpson,16001,0.00677833582057459,0.0009263455021018258,0.0007132371404002199,0.006481348831431643,0.005427789728818645,0.0010025708393509502,0.30701404189626835,0.00677833582057459,0.006481348831431643,0.0010025708393509502,0.30701404189626835
1.01,trapezoid,32001,0.006778335820582197,0.0009263455021028384,0.0007132371404011135,0.006481348543236473,0.005427789545434943,0.001002570840674482,0.30701404416234324,0.006778335820582197,0.006481348543236473,0.001002570840674482,0.30701404416234324
1.01,simpson,32001,0.006778335820581611,0.0009263455021027607,0.0007132371404009474,0.006481348831420642,0.0054277897287712444,0.001002570839350699,0.3070140418961925,0.006778335820581611,0.006481348831420642,0.001002570839350699,0.3070140418961925
1.02,adaptive_cubic,0,0.011170949714069095,0.0015243441099957553,0.001456031323816725,0.011118883811492595,0.009246130796845047,0.0009938983113303222,0.18479909818540294,0.011170949714069095,0.011118883811492595,0.0009938983113303222,0.18479909818540294
1.02,adaptive_pchip,0,0.011170951062512964,0.0015243439884530861,0.0014560311031839666,0.011118887093170613,0.009246103195166947,0.0009938983103723552,0.18479909803641714,0.011170951062512964,0.011118887093170613,0.0009938983103723552,0.18479909803641714
1.02,trapezoid,251,0.011170943125781145,0.001524344173949937,0.00145603134059565,0.011137417044055013,0.00924491345964146,0.0009939849389964195,0.1848042676543248,0.011170943125781145,0.011137417044055013,0.0009939849389964195,0.1848042676543248
1.02,simpson,251,0.011170976666116612,0.001524343952824927,0.0014560313069359233,0.011118944604841056,0.009246101835704235,0.0009939027644990518,0.184799859100308,0.011170976666116612,0.011118944604841056,0.0009939027644990518,0.184799859100308
1.02,trapezoid,501,0.011170949411512513,0.00152434412993863,0.0014560313369647896,0.01112355038973025,0.009245824934704416,0.000993920179418897,0.18480042646426695,0.011170949411512513,0.01112355038973025,0.000993920179418897,0.18480042646426695
1.02,simpson,501,0.01117095150674769,0.0015243441152681938,0.0014560313357545028,0.011118886792925758,0.00924612874049705,0.0009938985919534136,0.184799146124015,0.01117095150674769,0.011118886792925758,0.0009938985919534136,0.184799146124015
1.02,trapezoid,1001,0.011170949806887624,0.0015243441271026096,0.001456031336525322,0.011120052399103181,0.009246053983203202,0.0009939037916070741,0.18479943250875744,0.011170949806887624,0.011120052399103181,0.0009939037916070741,0.18479943250875744
1.02,simpson,1001,0.011170949938679295,0.0015243441261572697,0.0014560313363788325,0.01111888379047641,0.009246130331480201,0.0009938983289429618,0.18479910119387027,0.011170949938679295,0.01111888379047641,0.0009938983289429618,0.18479910119387027
1.02,trapezoid,2001,0.011170949721225077,0.0015243441109229596,0.001456031324631777,0.01111917617818801,0.009246111742950903,0.000993899682218529,0.18479918190564504,0.011170949721225077,0.01111917617818801,0.000993899682218529,0.18479918190564504
1.02,simpson,2001,0.011170949692670896,0.0015243441055297427,0.0014560313206672618,0.011118883940963336,0.009246130996122244,0.0009938983124185637,0.1847990983715016,0.011170949692670896,0.011118883940963336,0.0009938983124185637,0.1847990983715016
1.02,trapezoid,4001,0.011170949715859925,0.0015243441099123264,0.0014560313238645203,0.011118956912831424,0.009246126043165118,0.0009938986541038117,0.18479911912421665,0.011170949715859925,0.011118956912831424,0.0009938986541038117,0.18479911912421665
1.02,simpson,4001,0.011170949714071541,0.001524344109575449,0.0014560313236087682,0.01111888381414436,0.009246130809898412,0.0009938983113986692,0.18479909819708806,0.011170949714071541,0.01111888381414436,0.0009938983113986692,0.18479909819708806
1.02,trapezoid,8001,0.011170949715524743,0.0015243441098491402,0.0014560313238105359,0.011118902083435958,0.009246129609707776,0.0009938983970271772,0.18479910342069877,0.011170949715524743,0.011118902083435958,0.0009938983970271772,0.18479910342069877
1.02,simpson,8001,0.011170949715413016,0.0015243441098280782,0.0014560313237925412,0.011118883806330955,0.00924613079855503,0.000993898311334951,0.1847990981861937,0.011170949715413016,0.011118883806330955,0.000993898311334951,0.1847990981861937
1.02,trapezoid,16001,0.011170949715503782,0.0015243441098451928,0.001456031323805654,0.011118888375265784,0.009246130500797962,0.0009938983327550204,0.18479909949430837,0.011170949715503782,0.011118888375265784,0.0009938983327550204,0.18479909949430837
1.02,simpson,16001,0.011170949715496797,0.0015243441098438768,0.0014560313238040266,0.011118883805835733,0.009246130797828005,0.000993898311330967,0.18479909818551157,0.011170949715496797,0.011118883805835733,0.000993898311330967,0.18479909818551157
1.02,trapezoid,32001,0.011170949715502471,0.0015243441098449465,0.0014560313238049724,0.011118884948172153,0.009246130723537055,0.000993898316686793,0.18479909851267937,0.011170949715502471,0.011118884948172153,0.000993898316686793,0.18479909851267937
1.02,simpson,32001,0.011170949715502034,0.0015243441098448645,0.0014560313238047454,0.011118883805805108,0.009246130797783416,0.0009938983113307169,0.1847990981854697,0.011170949715502034,0.011118883805805108,0.0009938983113307169,0.1847990981854697
1.03,adaptive_cubic,0,0.01552224159987403,0.0021182741704600444,0.002191655535468211,0.015702232538109984,0.013035233652136404,0.000986995547526851,0.1369442069212751,0.01552224159987403,0.015702232538109984,0.000986995547526851,0.1369442069212751
1.03,adaptive_pchip,0,0.015522242176784993,0.002118274048805643,0.00219165529200557,0.015702239495171792,0.013035204467794772,0.000986995547496768,0.13694420693621112,0.015522242176784993,0.015702239495171792,0.000986995547496768,0.13694420693621112
1.03,trapezoid,251,0.015522225764992313,0.0021182741468374743,0.0021916555537517387,0.015743913625048837,0.013036234765781897,0.000987197121186659,0.13694179649451887,0.015522225764992313,0.015743913625048837,0.000987197121186659,0.13694179649451887
1.03,simpson,251,0.015522304401693504,0.002118274379990761,0.0021916555060644237,0.015702761475138275,0.013035163909515231,0.0009870001077250533,0.1369447092650335,0.015522304401693504,0.015702761475138275,0.0009870001077250533,0.1369447092650335
1.03,trapezoid,501,0.015522240719321066,0.002118274185268641,0.002191655548703194,0.01571274920517041,0.01303548052423748,0.000987046160175649,0.13694362803604432,0.015522240719321066,0.01571274920517041,0.000987046160175649,0.13694362803604432
1.03,simpson,501,0.015522245704076168,0.0021182741980790296,0.0021916555470203455,0.015702264784943666,0.013035229100912501,0.0009869958347111251,0.13694423856485702,0.015522245704076168,0.015702264784943666,0.0009869958347111251,0.13694423856485702
1.03,trapezoid,1001,0.015522241658897451,0.0021182741875235152,0.002191655548022362,0.015704867646518097,0.013035294923020463,0.0009870082144631752,0.13694406369052442,0.015522241658897451,0.015704867646518097,0.0009870082144631752,0.13694406369052442
1.03,simpson,1001,0.015522241972089493,0.00211827418827514,0.002191655547795418,0.01570223436529334,0.013035233055380718,0.0009869955655683802,0.1369442089095882,0.015522241972089493,0.01570223436529334,0.0009869955655683802,0.1369442089095882
1.03,trapezoid,2001,0.015522241604928839,0.002118274171381643,0.0021916555362854135,0.015702891782185598,0.01303524910896433,0.0009869987151054096,0.13694417120517283,0.015522241604928839,0.015702891782185598,0.0009869987151054096,0.13694417120517283
1.03,simpson,2001,0.015522241586939302,0.0021182741660010188,0.002191655532373097,0.015702232778632055,0.013035233837577823,0.0009869955486325173,0.1369442070434449,0.015522241586939302,0.015702232778632055,0.0009869955486325173,0.1369442070434449
1.03,trapezoid,4001,0.015522241601545394,0.0021182741703734075,0.0021916555355187225,0.01570239737409789,0.013035237525441466,0.0009869963394746326,0.1369441979980175,0.015522241601545394,0.01570239737409789,0.0009869963394746326,0.1369441979980175
1.03,simpson,4001,0.015522241600417578,0.0021182741700373287,0.0021916555352631587,0.015702232547496323,0.013035233664264975,0.0009869955475964372,0.13694420692896922,0.015522241600417578,0.015702232547496323,0.0009869955475964372,0.13694420692896922
1.03,trapezoid,8001,0.015522241601334079,0.002118274170310372,0.0021916555354624394,0.01570227374452452,0.013035234621661212,0.0009869957455175213,0.13694420469086793,0.015522241601334079,0.01570227374452452,0.0009869957455175213,0.13694420469086793
1.03,simpson,8001,0.015522241601263639,0.0021182741702893606,0.002191655535443678,0.015702232533172256,0.013035233653734324,0.0009869955475317379,0.13694420692181827,0.015522241601263639,0.015702232533172256,0.0009869955475317379,0.13694420692181827
1.03,trapezoid,16001,0.015522241601320862,0.0021182741703064337,0.002191655535456832,0.01570224283540337,0.013035233895208683,0.0009869955970251522,0.13694420636374532,0.015522241601320862,0.01570224283540337,0.0009869955970251522,0.13694420636374532
1.03,simpson,16001,0.01552224160131646,0.0021182741703051214,0.0021916555354549623,0.015702232532269576,0.013035233653057834,0.000986995547527691,0.1369442069213711,0.01552224160131646,0.015702232532269576,0.000986995547527691,0.1369442069213711
1.03,trapezoid,32001,0.015522241601320036,0.002118274170306188,0.002191655535455958,0.01570223510801531,0.013035233713564374,0.0009869955599018671,0.13694420678194372,0.015522241601320036,0.01570223510801531,0.0009869955599018671,0.13694420678194372
1.03,simpson,32001,0.015522241601319762,0.0021182741703061054,0.002191655535455667,0.015702232532213457,0.01303523365301627,0.0009869955475274386,0.13694420692134318,0.015522241601319762,0.015702232532213457,0.0009869955475274386,0.13694420692134318
1.04,adaptive_cubic,0,0.019830101578789047,0.002707591608716584,0.002917541567589025,0.020209654271983554,0.016774905315533526,0.0009891559483698675,0.11282010516767096,0.019830101578789047,0.020209654271983554,0.0009891559483698675,0.11282010516767096
1.04,adaptive_pchip,0,0.019830102011170678,0.002707591488273944,0.0029175413157009507,0.020209657209247583,0.016774873414890864,0.0009891559482572518,0.11282010516364853,0.019830102011170678,0.020209657209247583,0.0009891559482572518,0.11282010516364853
1.04,trapezoid,251,0.019830077305663163,0.002707591496172019,0.002917541587317519,0.020273119659389764,0.01677815359966011,0.0009895281544786037,0.1128151985721465,0.019830077305663163,0.020273119659389764,0.0009895281544786037,0.1128151985721465
1.04,simpson,251,0.019830197035217344,0.0027075921871723293,0.0029175415268317094,0.02021063957377161,0.016774799113052907,0.0009891607027679606,0.11282046500897681,0.019830197035217344,0.02021063957377161,0.0009891607027679606,0.11282046500897681
1.04,trapezoid,501,0.01983010016914564,0.0027075916180123658,0.0029175415808847037,0.020225677018773303,0.01677571234745841,0.0009892492374045793,0.11281889545709195,0.01983010016914564,0.020225677018773303,0.0009892492374045793,0.11281889545709195
1.04,simpson,501,0.019830107790274144,0.0027075916586258133,0.0029175415787404324,0.020209715135773295,0.016774898521022215,0.0009891562475895835,0.11282012783045135,0.019830107790274144,0.020209715135773295,0.0009891562475895835,0.11282012783045135
1.04,trapezoid,1001,0.01983010160625826,0.0027075916254439545,0.002917541579988611,0.02021366969804138,0.016775106535240746,0.000989179285563108,0.11281980380597326,0.01983010160625826,0.02021366969804138,0.000989179285563108,0.11281980380597326
1.04,simpson,1001,0.019830102085295672,0.002707591627921152,0.0029175415796899138,0.020209657900557308,0.016774904593193793,0.000989155967184574,0.1128201065937726,0.019830102085295672,0.020209657900557308,0.000989155967184574,0.1128201065937726
1.04,trapezoid,2001,0.019830101581827523,0.002707591609616828,0.0029175415684078413,0.02021065883071648,0.016774955749916862,0.0009891617835759766,0.11282002989221125,0.019830101581827523,0.02021065883071648,0.0009891617835759766,0.11282002989221125
1.04,simpson,2001,0.019830101573683947,0.0027075916043411185,0.0029175415645475845,0.02020965462147794,0.016774905487855086,0.000989155949511528,0.11282010525459209,0.019830101573683947,0.02020965462147794,0.000989155949511528,0.11282010525459209
1.04,trapezoid,4001,0.019830101580291228,0.0027075916086282624,0.0029175415676413225,0.02020990545134246,0.01677491793271419,0.0009891574072285437,0.11282008635290727,0.019830101580291228,0.02020990545134246,0.0009891574072285437,0.11282008635290727
1.04,simpson,4001,0.019830101579779127,0.0027075916082987413,0.0029175415673858168,0.020209654288173305,0.016774905326961905,0.000989155948441768,0.1128201051731581,0.019830101579779127,0.020209654288173305,0.000989155948441768,0.1128201051731581
1.04,trapezoid,8001,0.019830101580195374,0.002707591608566457,0.002917541567582635,0.020209717065159182,0.01677490847108353,0.0009891563130885836,0.11282010046427991,0.019830101580195374,0.020209717065159182,0.0009891563130885836,0.11282010046427991
1.04,simpson,8001,0.01983010158016342,0.002707591608545855,0.002917541567563072,0.020209654267469738,0.016774905317205515,0.0009891559483749953,0.11282010516807196,0.01983010158016342,0.020209654267469738,0.0009891559483749953,0.11282010516807196
1.04,trapezoid,16001,0.019830101580189392,0.0027075916085625945,0.0029175415675762734,0.020209669966023254,0.016774906105204,0.000989156039550271,0.11282010399188534,0.019830101580189392,0.020209669966023254,0.000989156039550271,0.11282010399188534
1.04,simpson,16001,0.019830101580187397,0.002707591608561307,0.002917541567574153,0.020209654266167828,0.01677490531657742,0.0009891559483708166,0.1128201051677539,0.019830101580187397,0.020209654266167828,0.0009891559483708166,0.1128201051677539
1.04,trapezoid,32001,0.019830101580189018,0.0027075916085623534,0.002917541567575202,0.020209658191077604,0.0167749055137051,0.0009891559711654849,0.11282010487377184,0.019830101580189018,0.020209658191077604,0.0009891559711654849,0.11282010487377184
1.04,simpson,32001,0.019830101580188893,0.002707591608562273,0.002917541567574845,0.020209654266086754,0.01677490531653879,0.000989155948370555,0.112820105167734,0.019830101580188893,0.020209654266086754,0.000989155948370555,0.112820105167734
1.05,adaptive_cubic,0,0.02409433715629139,0.003292142662895435,0.003633140785869836,0.02463579495744795,0.020460229815265702,0.0010098390099865537,0.09923265558202811,0.02409433715629139,0.02463579495744795,0.0010098390099865537,0.09923265558202811
1.05,adaptive_pchip,0,0.024094338019522252,0.0032921425462002552,0.003633140525494511,0.02463579780191545,0.020460195852106174,0.0010098390091375239,0.09923265555726214,0.024094338019522252,0.02463579780191545,0.0010098390091375239,0.09923265555726214
1.05,trapezoid,251,0.02409430541156581,0.0032921424649664886,0.003633140807013657,0.024719414009557173,0.020465663561419486,0.0010104402471022244,0.09922673515484132,0.02409430541156581,0.024719414009557173,0.0010104402471022244,0.09922673515484132
1.05,simpson,251,0.024094461514360108,0.003292143593914654,0.0036331407348710112,0.02463720130961976,0.020460091081224492,0.0010098439722378762,0.09923292636820386,0.024094461514360108,0.02463720130961976,0.0010098439722378762,0.09923292636820386
1.05,trapezoid,501,0.02409433527813452,0.0032921426667395495,0.0036331407992186275,0.024656910451513584,0.020461581780333752,0.0010099895868291304,0.09923118816517779,0.02409433527813452,0.024656910451513584,0.0010099895868291304,0.09923118816517779
1.05,simpson,501,0.024094345233615852,0.0032921427339972333,0.0036331407966202845,0.02463588225161727,0.02046022101508612,0.001009839322099157,0.09923267263272652,0.024094345233615852,0.02463588225161727,0.001009839322099157,0.09923267263272652
1.05,trapezoid,1001,0.024094337155616652,0.0032921426791713937,0.003633140798120876,0.024641087007079725,0.020460567185574503,0.0010098766710306764,0.0992322895278348,0.024094337155616652,0.024641087007079725,0.0010098766710306764,0.0992322895278348
1.05,simpson,1001,0.024094337781443865,0.0032921426833153423,0.0036331407977549584,0.024635800247922456,0.020460228976756027,0.001009839029628816,0.09923265665683176,0.024094337781443865,0.024635800247922456,0.001009839029628816,0.09923265665683176
1.05,trapezoid,2001,0.024094337157542344,0.0032921426637668983,0.003633140786693146,0.02463711888497985,0.020460314277996522,0.001009848426262686,0.09923256411676341,0.024094337157542344,0.02463711888497985,0.001009848426262686,0.09923256411676341
1.05,simpson,2001,0.024094337158184237,0.003292142658632066,0.0036331407828839035,0.02463579540757978,0.02046022997481464,0.0010098390111646775,0.09923265564691226,0.024094337158184237,0.02463579540757978,0.0010098390111646775,0.09923265564691226
1.05,trapezoid,4001,0.024094337157654404,0.0032921426628047356,0.0036331407859262347,0.02463612599238216,0.02046025093873062,0.0010098413641195,0.09923263271876742,0.024094337157654404,0.02463612599238216,0.0010098413641195,0.09923263271876742
1.05,simpson,4001,0.02409433715769176,0.0032921426624840148,0.0036331407856705976,0.02463579498000849,0.02046022982560085,0.0010098390100608092,0.09923265558613371,0.02409433715769176,0.02463579498000849,0.0010098390100608092,0.09923265558613371
1.05,trapezoid,8001,0.02409433715766157,0.0032921426627445806,0.003633140785865022,0.024635877715417566,0.020460235097111652,0.0010098395985243397,0.09923264986644331,0.02409433715766157,0.024635877715417566,0.0010098395985243397,0.09923264986644331
1.05,simpson,8001,0.024094337157663962,0.0032921426627245294,0.0036331407858446172,0.024635794953417722,0.02046022981656942,0.0010098390099919344,0.09923265558233724,0.024094337157663962,0.024635794953417722,0.0010098390099919344,0.09923265558233724
1.05,trapezoid,16001,0.02409433715766203,0.0032921426627408163,0.003633140785857878,0.024635815642806473,0.020460231136268527,0.0010098391571218353,0.09923265415318558,0.02409433715766203,0.024635815642806473,0.0010098391571218353,0.09923265415318558
1.05,simpson,16001,0.024094337157662186,0.0032921426627395617,0.003633140785855497,0.024635794951747874,0.020460229815987323,0.001009839009987624,0.09923265558209979,0.024094337157662186,0.024635794951747874,0.001009839009987624,0.09923265558209979
1.05,trapezoid,32001,0.024094337157662057,0.003292142662740582,0.0036331407858566024,0.024635800124443198,0.020460230146030635,0.0010098390467709762,0.09923265522486018,0.024094337157662057,0.024635800124443198,0.0010098390467709762,0.09923265522486018
1.05,simpson,32001,0.024094337157662064,0.003292142662740503,0.0036331407858561774,0.02463579495164367,0.020460229815951324,0.0010098390099873538,0.09923265558208506,0.024094337157662064,0.02463579495164367,0.0010098390099873538,0.09923265558208506
1.075,adaptive_cubic,0,0.03456603101922631,0.004732323963481898,0.005375847994786882,0.03533604047300266,0.0294277221782484,0.0012050145165351466,0.08503854459000906,0.03456603101922631,0.03533604047300266,0.0012050145165351466,0.08503854459000906
1.075,adaptive_pchip,0,0.0345660321374008,0.004732323826100904,0.005375847750305175,0.03533604623318681,0.029427688782133872,0.0012050145146440625,0.08503854461695633,0.0345660321374008,0.03533604623318681,0.0012050145146440625,0.08503854461695633
1.075,trapezoid,251,0.03456598478248166,0.004732323575114134,0.005375848019432165,0.035462715576988456,0.02943820742732791,0.0012063676986530376,0.08503168656831374,0.03456598478248166,0.035462715576988456,0.0012063676986530376,0.08503168656831374
1.075,simpson,251,0.03456621145675081,0.004732325676192223,0.005375847922599798,0.03533831754921287,0.029427517304562997,0.0012050196170114507,0.08503869611519049,0.03456621145675081,0.03533831754921287,0.0012050196170114507,0.08503869611519049
1.075,trapezoid,501,0.034566028232815224,0.004732323955039819,0.005375848008464539,0.03536802858692591,0.029430334146548547,0.0012053531945847313,0.08503683708283476,0.034566028232815224,0.03536802858692591,0.0012053531945847313,0.08503683708283476
1.075,simpson,501,0.034566042716203206,0.004732324081681709,0.005375848004808664,0.03533618245477652,0.029427709286838362,0.0012050148369821116,0.0850385541271497,0.034566042716203206,0.03533618245477652,0.0012050148369821116,0.0850385541271497
1.075,trapezoid,1001,0.034566030963737865,0.004732323978498835,0.005375848006678109,0.035344057546208694,0.029428374382559404,0.0012050992101141464,0.08503811815698697,0.034566030963737865,0.035344057546208694,0.0012050992101141464,0.08503811815698697
1.075,simpson,1001,0.034566031874045194,0.004732323986318505,0.0053758480060826334,0.03533604920659703,0.02942772110114359,0.0012050145367416625,0.08503854519454192,0.034566031874045194,0.03533604920659703,0.0012050145367416625,0.08503854519454192
1.075,trapezoid,2001,0.03456603101690496,0.004732323964284762,0.005375847995625971,0.03533804608495646,0.029427885329642352,0.0012050356913639929,0.08503843800767145,0.03456603101690496,0.03533804608495646,0.0012050356913639929,0.08503843800767145
1.075,simpson,2001,0.034566031034627326,0.004732323959546737,0.005375847991941925,0.03533604113600914,0.02942772231033841,0.001205014517704102,0.08503854462536788,0.034566031034627326,0.03533604113600914,0.001205014517704102,0.08503854462536788
1.075,trapezoid,4001,0.0345660310202217,0.004732323963397029,0.00537584799485565,0.03533654195994064,0.029427762972752552,0.0012050198103325828,0.0850385179460796,0.0345660310202217,0.03533654195994064,0.0012050198103325828,0.0850385179460796
1.075,simpson,4001,0.034566031021327284,0.004732323963101119,0.005375847994598876,0.03533604051433483,0.029427722187018415,0.0012050145166089897,0.08503854459226574,0.034566031021327284,0.03533604051433483,0.0012050145166089897,0.08503854459226574
1.075,trapezoid,8001,0.03456603102042924,0.0047323239633415195,0.005375847994787631,0.03533616585001039,0.029427732377885513,0.0012050158399908337,0.08503853792916603,0.03456603102042924,0.03533616585001039,0.0012050158399908337,0.08503853792916603
1.075,simpson,8001,0.03456603102049842,0.004732323963323017,0.0053758479947649575,0.03533604047562006,0.02942772217958999,0.0012050145165406806,0.08503854459019797,0.03456603102049842,0.03533604047562006,0.0012050145165406806,0.08503854459019797
1.075,trapezoid,16001,0.03456603102044227,0.0047323239633380535,0.005375847994778417,0.0353360718176034,0.02942772472880336,0.001205014847400146,0.0850385429248428,0.03456603102044227,0.0353360718176034,0.001205014847400146,0.0850385429248428
1.075,simpson,16001,0.03456603102044662,0.004732323963336899,0.005375847994775347,0.03533604047319187,0.029427722179108908,0.001205014516536402,0.08503854459006858,0.03456603102044662,0.03533604047319187,0.001205014516536402,0.08503854459006858
1.075,trapezoid,32001,0.03456603102044308,0.0047323239633378375,0.005375847994776599,0.035336048309193915,0.02942772281651009,0.001205014599252146,0.08503854417375607,0.03456603102044308,0.035336048309193915,0.001205014599252146,0.08503854417375607
1.075,simpson,32001,0.03456603102044335,0.004732323963337765,0.005375847994775993,0.03533604047304018,0.029427722179078977,0.0012050145165361347,0.08503854459006051,0.03456603102044335,0.03533604047304018,0.0012050145165361347,0.08503854459006051
1.1,adaptive_cubic,0,0.04477335946810479,0.006141943866513997,0.007051083545124801,0.04551078321327026,0.03804201803253483,0.0016627597672382497,0.08266996957433058,0.04477335946810479,0.04551078321327026,0.0016627597672382497,0.08266996957433058
1.1,adaptive_pchip,0,0.04477336017082314,0.006141943734835935,0.007051083307208278,0.045510788213381434,0.03804198578639288,0.001662759768730117,0.08266996958999531,0.04477336017082314,0.045510788213381434,0.001662759768730117,0.08266996958999531
1.1,trapezoid,251,0.04477330409724526,0.006141943321687023,0.007051083573288849,0.045670450039963714,0.03805693098927292,0.0016648978695673695,0.08266257061400528,0.04477330409724526,0.045670450039963714,0.0016648978695673695,0.08266257061400528
1.1,simpson,251,0.04477357528084368,0.006141946216861502,0.007051083457490788,0.04551368303330981,0.03804176559165254,0.0016627643809415658,0.08267006534346097,0.04477357528084368,0.04551368303330981,0.0016627643809415658,0.08267006534346097
1.1,trapezoid,501,0.04477335610856843,0.006141943847740606,0.007051083559109402,0.04555109186170518,0.0380457348861445,0.0016632947673207096,0.08266812416828916,0.04477335610856843,0.04555109186170518,0.0016632947673207096,0.08266812416828916
1.1,simpson,501,0.044773373445614,0.0061419440230917905,0.007051083554382919,0.04551096430345579,0.038042002190596766,0.0016627600569283502,0.08266997560051077,0.044773373445614,0.04551096430345579,0.0016627600569283502,0.08266997560051077
1.1,trapezoid,1001,0.04477335937826223,0.006141943880280719,0.007051083556687264,0.04552088500243291,0.038042946339460745,0.0016628935470975525,0.0826695084998433,0.04477335937826223,0.04552088500243291,0.0016628935470975525,0.0826695084998433
1.1,simpson,1001,0.04477336046815992,0.006141943891127423,0.007051083555879884,0.04551079440601926,0.03804201678296675,0.0016627597855394633,0.08266996995912909,0.04477336046815992,0.04551079440601926,0.0016627597855394633,0.08266996995912909
1.1,trapezoid,2001,0.044773359463489815,0.006141943867247968,0.007051083545981652,0.04551331028562035,0.03804225019216453,0.0016627932139703242,0.08266985432116727,0.044773359463489815,0.04551331028562035,0.0016627932139703242,0.08266985432116727
1.1,simpson,2001,0.044773359491899006,0.006141943862903718,0.007051083542413115,0.04551078402261506,0.03804201814051616,0.001662759768251097,0.08266996959590606,0.044773359491899006,0.04551078402261506,0.001662759768251097,0.08266996959590606
1.1,trapezoid,4001,0.044773359468813244,0.006141943866434008,0.007051083545204584,0.04551141508298472,0.03804207607728726,0.0016627681290321598,0.0826699407620355,0.044773359468813244,0.04551141508298472,0.0016627681290321598,0.0826699407620355
1.1,simpson,4001,0.044773359470587734,0.006141943866162688,0.007051083544945562,0.04551078326385729,0.03804201803883535,0.0016627597673021257,0.08266996957571851,0.044773359470587734,0.04551078326385729,0.0016627597673021257,0.08266996957571851
1.1,trapezoid,8001,0.044773359469146116,0.006141943866383118,0.0070510835451290275,0.0455109411871606,0.03804203254388168,0.0016627618576941791,0.08266996237134928,0.044773359469146116,0.0455109411871606,0.0016627618576941791,0.08266996237134928
1.1,simpson,8001,0.04477335946925706,0.0061419438663661554,0.007051083545103842,0.04551078321657745,0.03804201803273651,0.0016627597672429367,0.08266996957445766,0.04477335946925706,0.04551078321657745,0.0016627597672429367,0.08266996957445766
1.1,trapezoid,16001,0.044773359469166926,0.0061419438663799395,0.007051083545117553,0.04551082270724938,0.03804202166022591,0.0016627602898532125,0.08266996777362129,0.044773359469166926,0.04551082270724938,0.0016627602898532125,0.08266996777362129
1.1,simpson,16001,0.04477335946917386,0.0061419438663788805,0.007051083545113729,0.04551078321361386,0.03804201803234003,0.0016627597672392292,0.08266996957437885,0.04477335946917386,0.04551078321361386,0.0016627597672392292,0.08266996957437885
1.1,trapezoid,32001,0.044773359469168224,0.006141943866379742,0.007051083545115149,0.04551079308689936,0.038042018939292925,0.0016627598978925663,0.08266996912418569,0.044773359469168224,0.04551079308689936,0.0016627598978925663,0.08266996912418569
1.1,simpson,32001,0.044773359469168654,0.006141943866379676,0.007051083545114347,0.045510783213428614,0.03804201803231522,0.0016627597672389971,0.08266996957437384,0.044773359469168654,0.045510783213428614,0.0016627597672389971,0.08266996957437384
1.15,adaptive_cubic,0,0.06442454711888769,0.008868639420786565,0.010194302030730625,0.06428917231132633,0.054222779173165765,0.0032775831681647223,0.08983937589687692,0.06442454711888769,0.06428917231132633,0.0032775831681647223,0.08983937589687692
1.15,adaptive_pchip,0,0.06442454780427406,0.008868639303823738,0.010194301806820858,0.06428917518144656,0.054222750093391996,0.003277583169244756,0.08983937590067202,0.06442454780427406,0.06428917518144656,0.003277583169244756,0.08983937590067202
1.15,trapezoid,251,0.06442448606588955,0.008868638650258718,0.010194302065846216,0.06448765891248938,0.054244853127529975,0.0032812136533712324,0.0898308861620666,0.06442448606588955,0.06448765891248938,0.0032812136533712324,0.0898308861620666
1.15,simpson,251,0.06442478491616063,0.008868642680072493,0.01019430192577246,0.06429271188542486,0.05422247495282694,0.0032775866842292825,0.08983942444491527,0.06442478491616063,0.06429271188542486,0.0032775866842292825,0.08983942444491527
1.15,trapezoid,501,0.06442454340308139,0.008868639386641314,0.010194302045460504,0.06433924600966595,0.054228284097196246,0.0032784913310101222,0.08983725552938902,0.06442454340308139,0.06433924600966595,0.0032784913310101222,0.08983725552938902
1.15,simpson,501,0.06442456251542192,0.008868639632102167,0.010194302038665266,0.06428939355788418,0.054222760115803514,0.003277583388917636,0.08983937895224228,0.06442456251542192,0.06428939355788418,0.003277583388917636,0.08983937895224228
1.15,trapezoid,1001,0.0644245470088258,0.008868639432331274,0.010194302041685765,0.06430171914502011,0.05422415437758432,0.0032778102429119006,0.08983884594003358,0.0644245470088258,0.06430171914502011,0.0032778102429119006,0.08983884594003358
1.15,simpson,1001,0.06442454821074037,0.008868639447561262,0.01019430204042752,0.06428918603729765,0.05422277774414628,0.0032775831821673916,0.08983937609567502,0.06442454821074037,0.06428918603729765,0.0032775831821673916,0.08983937609567502
1.15,trapezoid,2001,0.06442454711278107,0.008868639421405157,0.010194302031640333,0.06429231087042059,0.054223123031738096,0.003277639938842865,0.089839243414233,0.06442454711278107,0.06429231087042059,0.003277639938842865,0.089839243414233
1.15,simpson,2001,0.06442454714743286,0.008868639417763115,0.010194302028291854,0.0642891732644723,0.05422277924603443,0.003277583168857961,0.08983937590680503,0.06442454714743286,0.0642891732644723,0.003277583168857961,0.08983937590680503
1.15,trapezoid,4001,0.06442454711927686,0.008868639420722751,0.01019430203084006,0.06428995706695931,0.05422286514105744,0.0032775973609589304,0.08983934277665175,0.06442454711927686,0.06428995706695931,0.0032775973609589304,0.08983934277665175
1.15,simpson,4001,0.06442454712144212,0.00886863942049528,0.010194302030573303,0.06428917237107498,0.05422277917726246,0.0032775831682083233,0.08983937589753128,0.06442454712144212,0.06428917237107498,0.0032775831682083233,0.08983937589753128
1.15,trapezoid,8001,0.06442454711968311,0.008868639420680084,0.010194302030747013,0.06428936850771295,0.05422280066515923,0.00327758671637127,0.08983936761687332,0.06442454711968311,0.06428936850771295,0.00327758671637127,0.08983936761687332
1.15,simpson,8001,0.06442454711981853,0.008868639420665863,0.010194302030715998,0.0642891723153756,0.05422277917317848,0.0032775831681677186,0.08983937589695176,0.06442454711981853,0.0642891723153756,0.0032775831681677186,0.08983937589695176
1.15,trapezoid,16001,0.06442454711970849,0.008868639420677421,0.010194302030730438,0.06428922136112052,0.054222784545973325,0.0032775840552170627,0.08983937382690477,0.06442454711970849,0.06428922136112052,0.0032775840552170627,0.08983937382690477
1.15,simpson,16001,0.06442454711971696,0.008868639420676535,0.010194302030724915,0.06428917231188624,0.054222779172910435,0.0032775831681651807,0.08983937589691553,0.06442454711971696,0.06428917231188624,0.0032775831681651807,0.08983937589691553
1.15,trapezoid,32001,0.06442454711971009,0.008868639420677256,0.010194302030726713,0.06428918457404859,0.05422278051616364,0.0032775833899280557,0.08983937537941114,0.06442454711971009,0.06428918457404859,0.0032775833899280557,0.08983937537941114
1.15,simpson,32001,0.0644245471197106,0.0088686394206772,0.010194302030725471,0.06428917231166813,0.05422277917289368,0.0032775831681650233,0.0898393758969133,0.0644245471197106,0.06428917231166813,0.0032775831681650233,0.0898393758969133
1.2,adaptive_cubic,0,0.08310642868878562,0.011470483181364248,0.013054535615366571,0.08099657850679529,0.0690344214116357,0.005628477905369356,0.10247009900548722,0.08310642868878562,0.08099657850679529,0.005628477905369356,0.10247009900548722
1.2,adaptive_pchip,0,0.08310642917114457,0.01147048307248379,0.013054535404593667,0.08099657988569861,0.0690343958156889,0.005628477903820802,0.1024700989899945,0.08310642917114457,0.08099657988569861,0.005628477903820802,0.1024700989899945
1.2,trapezoid,251,0.08310637377019624,0.011470482274428997,0.013054535658043029,0.08120270942669064,0.06906177961912445,0.005633740737431493,0.10246053251674497,0.08310637377019624,0.08120270942669064,0.005633740737431493,0.10246053251674497
1.2,simpson,251,0.08310664250867493,0.011470486977392001,0.013054535506915923,0.08100016727545782,0.06903410754630343,0.00562848077297101,0.10247012927610764,0.08310664250867493,0.08100016727545782,0.00562848077297101,0.10247012927610764
1.2,trapezoid,501,0.0831064253593872,0.011470483137494596,0.013054535631237457,0.08104854418352689,0.06904124706019286,0.005629794208187518,0.10246770856233033,0.0831064253593872,0.08104854418352689,0.005629794208187518,0.10246770856233033
1.2,simpson,501,0.08310644255574226,0.011470483425183116,0.01305453562230227,0.0809968028287968,0.06903440175080566,0.0056284780855285306,0.10247010091219137,0.08310644255574226,0.0809968028287968,0.0056284780855285306,0.10247010091219137
1.2,trapezoid,1001,0.08310642860373586,0.01147048319106858,0.013054535625786802,0.08100959712275997,0.06903612679202675,0.0056288070184504135,0.10246950147408844,0.08310642860373586,0.08100959712275997,0.0056288070184504135,0.10246950147408844
1.2,simpson,1001,0.08310642968518525,0.011470483208926574,0.013054535623969916,0.0809965924475284,0.06903441996624043,0.005628477916854345,0.10247009913224911,0.08310642968518525,0.0809965924475284,0.005628477916854345,0.10247009913224911
1.2,trapezoid,2001,0.08310642868401495,0.011470483181886888,0.013054535616342242,0.08099983492412574,0.06903484779681696,0.005628560185808371,0.10246994962575245,0.08310642868401495,0.08099983492412574,0.005628560185808371,0.10246994962575245
1.2,simpson,2001,0.08310642871077466,0.011470483178826324,0.013054535613194055,0.08099657945869006,0.06903442146073137,0.00562847790586344,0.10247009901094706,0.08310642871077466,0.08099657945869006,0.00562847790586344,0.10247009901094706
1.2,trapezoid,4001,0.08310642868903177,0.01147048318131346,0.013054535615505063,0.0809973927216194,0.06903452801020674,0.0056284984756145885,0.10247006166076827,0.08310642868903177,0.0809973927216194,0.0056284984756145885,0.10247006166076827
1.2,simpson,4001,0.08310642869070403,0.01147048318112232,0.013054535615226001,0.0809965785665987,0.06903442141439814,0.005628477905400136,0.10247009900585523,0.08310642869070403,0.0809965785665987,0.005628477905400136,0.10247009900585523
1.2,trapezoid,8001,0.08310642868934585,0.011470483181277566,0.01305453561539109,0.08099678206773059,0.0690344480613202,0.005628483047938998,0.10247008966934075,0.08310642868934585,0.08099678206773059,0.005628483047938998,0.10247008966934075
1.2,simpson,8001,0.08310642868945055,0.011470483181265598,0.013054535615353099,0.08099657851096335,0.06903442141167435,0.005628477905371102,0.10247009900553669,0.08310642868945055,0.08099657851096335,0.005628477905371102,0.10247009900553669
1.2,trapezoid,16001,0.08310642868936546,0.011470483181275328,0.013054535615368557,0.08099662939779942,0.0690344280739517,0.005628479191012156,0.10247009667147251,0.08310642868936546,0.08099662939779942,0.005628479191012156,0.10247009667147251
1.2,simpson,16001,0.08310642868937199,0.011470483181274586,0.013054535615361048,0.0809965785074804,0.06903442141149446,0.005628477905369289,0.10247009900551676,0.08310642868937199,0.0809965785074804,0.005628477905369289,0.10247009900551676
1.2,trapezoid,32001,0.08310642868936668,0.011470483181275191,0.013054535615363298,0.08099659122991286,0.06903442307710035,0.005628478226779948,0.10247009842200476,0.08310642868936668,0.08099659122991286,0.005628478226779948,0.10247009842200476
1.2,simpson,32001,0.08310642868936709,0.011470483181275146,0.013054535615361544,0.08099657850726262,0.06903442141148317,0.005628477905369177,0.10247009900551553,0.08310642868936709,0.08099657850726262,0.005628477905369177,0.10247009900551553
1.3,adaptive_cubic,0,0.11778416381657547,0.016290032366049666,0.017903613129585483,0.10836728199184331,0.09467872892119067,0.012165698548974093,0.13133629145619055,0.11778416381657547,0.10836728199184331,0.012165698548974093,0.13133629145619055
1.3,adaptive_pchip,0,0.1177841646522033,0.016290032271419837,0.017903612969457916,0.10836728046724196,0.09467871004862598,0.012165698543379497,0.13133629142474998,0.1177841646522033,0.10836728046724196,0.012165698543379497,0.13133629142474998
1.3,trapezoid,251,0.11778413931714629,0.016290031357283255,0.017903613189874382,0.10851703440186714,0.09471253337507354,0.012174737994990152,0.13132497701162765,0.11778413931714629,0.10851703440186714,0.012174737994990152,0.13132497701162765
1.3,simpson,251,0.11778425851477635,0.016290036531557753,0.017903613039808686,0.10836996765619655,0.09467847033336348,0.012165700755667752,0.13133630780146402,0.11778425851477635,0.10836996765619655,0.012165700755667752,0.13133630780146402
1.3,trapezoid,501,0.11778416239358562,0.01629003231347151,0.017903613148400714,0.10840499584763205,0.09468716873470516,0.012167959141189925,0.13133346334496476,0.11778416239358562,0.10840499584763205,0.012167959141189925,0.13133346334496476
1.3,simpson,501,0.11778417008571958,0.016290032632200913,0.017903613134576155,0.10836744971571269,0.09467871269762901,0.012165698687910441,0.1313362924881577,0.11778417008571958,0.10836744971571269,0.012165698687910441,0.1313362924881577
1.3,trapezoid,1001,0.11778416384932305,0.01629003237298606,0.017903613139186418,0.10837672775833186,0.09468083804173841,0.012166263742944957,0.13133558446504243,0.11778416384932305,0.10837672775833186,0.012166263742944957,0.13133558446504243
1.3,simpson,1001,0.11778416433456883,0.016290032392824245,0.01790361313611499,0.10836729243776388,0.09467872773877223,0.012165698557945111,0.13133629152790377,0.11778416433456883,0.10836729243776388,0.012165698557945111,0.13133629152790377
1.3,trapezoid,2001,0.11778416381882212,0.016290032366431825,0.01790361313075814,0.1083696445525498,0.09467925622329743,0.012165839850112615,0.13133611470894102,0.11778416381882212,0.1083696445525498,0.012165839850112615,0.13133611470894102
1.3,simpson,2001,0.11778416380865517,0.016290032364247076,0.017903613127948716,0.10836728269295151,0.09467872894599166,0.012165698549235441,0.13133629145833436,0.11778416380865517,0.10836728269295151,0.012165698549235441,0.13133629145833436
1.3,trapezoid,4001,0.11778416381691746,0.01629003236602249,0.017903613129800173,0.10836787270034332,0.09467886074923945,0.012165733874423249,0.13133624726942228,0.11778416381691746,0.10836787270034332,0.012165733874423249,0.13133624726942228
1.3,simpson,4001,0.11778416381628257,0.01629003236588604,0.01790361312948085,0.10836728203347096,0.0946787289242727,0.0121656985489893,0.1313362914563386,0.11778416381628257,0.10836728203347096,0.0121656985489893,0.1313362914563386
1.3,trapezoid,8001,0.11778416381681855,0.016290032365989058,0.017903613129628765,0.10836742967165156,0.09467876187971105,0.012165707380345477,0.13133628040951223,0.11778416381681855,0.10836742967165156,0.012165707380345477,0.13133628040951223
1.3,simpson,8001,0.11778416381678557,0.01629003236597791,0.01790361312957163,0.10836728199232855,0.09467872892318406,0.01216569854897346,0.13133629145621442,0.11778416381678557,0.10836728199232855,0.01216569854897346,0.13133629145621442
1.3,trapezoid,16001,0.11778416381681132,0.016290032365987382,0.01790361312959132,0.10836731891037449,0.09467873716222383,0.012165700756816396,0.13133628869453257,0.11778416381681132,0.10836731891037449,0.012165700756816396,0.13133628869453257
1.3,simpson,16001,0.11778416381680894,0.016290032365986827,0.01790361312957884,0.10836728198975552,0.09467872892306033,0.012165698548972571,0.13133629145620637,0.11778416381680894,0.10836728198975552,0.012165698548972571,0.13133629145620637
1.3,trapezoid,32001,0.1177841638168109,0.016290032365987278,0.017903613129582246,0.1083672912197986,0.09467873098284708,0.01216569910093352,0.1313362907657875,0.1177841638168109,0.1083672912197986,0.01216569910093352,0.1313362907657875
1.3,simpson,32001,0.11778416381681074,0.016290032365987247,0.01790361312957922,0.10836728198959457,0.09467872892305476,0.01216569854897251,0.1313362914562059,0.11778416381681074,0.10836728198959457,0.01216569854897251,0.1313362914562059
1.5,adaptive_cubic,0,0.1778687415144113,0.024279010108305674,0.02422618145708087,0.14133306296957188,0.13072680975887216,0.031556512134137536,0.18598997043145624,0.1778687415144113,0.14133306296957188,0.031556512134137536,0.18598997043145624
1.5,adaptive_pchip,0,0.17786874267136213,0.02427901004151314,0.02422618139393725,0.1413330586342465,0.13072680158893063,0.03155651213662709,0.18598997038444523,0.17786874267136213,0.1413330586342465,0.03155651213662709,0.18598997038444523
1.5,trapezoid,251,0.17786878159378522,0.024279009210382937,0.024226181569880184,0.14122807408493002,0.13076362435538783,0.03157402934863643,0.18597694360826664,0.17786878159378522,0.14122807408493002,0.03157402934863643,0.18597694360826664
1.5,simpson,251,0.17786858185362261,0.024279013748287587,0.024226181437289347,0.141333165920578,0.13072676140896886,0.031556513706802354,0.18598997852849333,0.17786858185362261,0.141333165920578,0.031556513706802354,0.18598997852849333
1.5,trapezoid,501,0.17786874412463727,0.024279010058921257,0.024226181486394993,0.14130676143189896,0.1307360117612531,0.03156089241799551,0.185986713854793,0.17786874412463727,0.14130676143189896,0.03156089241799551,0.185986713854793
1.5,simpson,501,0.17786873163493036,0.02427901034176735,0.024226181458566597,0.14133306928330616,0.13072680668889036,0.03155651223374013,0.18598997094575476,0.17786873163493036,0.14133306928330616,0.03155651223374013,0.18598997094575476
1.5,trapezoid,1001,0.17786874178149115,0.024279010111940502,0.024226181465839065,0.14132648423243335,0.13072911010354382,0.031557607266712404,0.18598915629988386,0.17786874178149115,0.14132648423243335,0.031557607266712404,0.18598915629988386
1.5,simpson,1001,0.17786874100044245,0.024279010129613584,0.02422618145898709,0.14133306343477808,0.13072680949638601,0.031556512140781263,0.18598997046962987,0.17786874100044245,0.14133306343477808,0.031556512140781263,0.18598997046962987
1.5,trapezoid,2001,0.17786874153106427,0.024279010108514323,0.0242261814589151,0.14133141806764593,0.13072738485671476,0.031556785920819265,0.18598976689785324,0.17786874153106427,0.14133141806764593,0.031556785920819265,0.18598976689785324
1.5,simpson,2001,0.17786874144758869,0.024279010107372264,0.024226181456607113,0.14133306298807638,0.13072680977102796,0.031556512134135246,0.18598997043184612,0.17786874144758869,0.14133306298807638,0.031556512134135246,0.18598997043184612
1.5,trapezoid,4001,0.1778687415154127,0.024279010108300574,0.024226181457515865,0.14133265172998893,0.1307269535342007,0.031556580581026894,0.18598991954801808,0.1778687415154127,0.14133265172998893,0.031556580581026894,0.18598991954801808
1.5,simpson,4001,0.1778687415101955,0.024279010108229325,0.02422618145704945,0.14133306297006687,0.13072680975981618,0.031556512134134455,0.18598997043148988,0.1778687415101955,0.14133306297006687,0.031556512134134455,0.18598997043148988
1.5,trapezoid,8001,0.17786874151446047,0.02427901010828766,0.024226181457186483,0.14133296015830601,0.13072684570291968,0.03155652924587132,0.18598995771060273,0.17786874151446047,0.14133296015830601,0.03155652924587132,0.18598995771060273
1.5,simpson,8001,0.17786874151414309,0.024279010108283355,0.02422618145707669,0.14133306296895115,0.130726809759146,0.03155651213413436,0.1859899704314695,0.17786874151414309,0.14133306296895115,0.03155651213413436,0.1859899704314695
1.5,trapezoid,16001,0.17786874151440057,0.02427901010828687,0.024226181457105474,0.14133303726618154,0.13072681874505615,0.03155651641206947,0.18598996725125125,0.17786874151440057,0.14133303726618154,0.03155651641206947,0.18598996725125125
1.5,simpson,16001,0.17786874151438062,0.024279010108286606,0.02422618145707848,0.14133306296888212,0.1307268097591008,0.031556512134134365,0.18598997043146775,0.17786874151438062,0.14133306296888212,0.031556512134134365,0.18598997043146775
1.5,trapezoid,32001,0.17786874151439683,0.024279010108286824,0.024226181457085313,0.14133305654320028,0.13072681200558764,0.03155651320361819,0.18598996963641354,0.17786874151439683,0.14133305654320028,0.03155651320361819,0.18598996963641354
1.5,simpson,32001,0.17786874151439558,0.024279010108286807,0.02422618145707859,0.14133306296887788,0.13072680975909812,0.031556512134134365,0.18598997043146767,0.17786874151439558,0.14133306296887788,0.031556512134134365,0.18598997043146767
