zmax,Hinf,Tw,Fp0,Gp0,Tp0,nodes
40.0,-0.75,1.0322415334083317,0.4904326442110557,0.5982263645857488,-0.010108985912204847,1119.0
40.0,-0.7475,1.0326473863213645,0.49018834189898963,0.597977529442222,-0.010228655321903882,1118.0
40.0,-0.745,1.0330469390578385,0.4899480757015595,0.5977315423999618,-0.010346222124926642,1118.0
40.0,-0.7425,1.0334402315016447,0.48971181975169753,0.5974883976782779,-0.010461705322220368,1118.0
40.0,-0.74,1.0338273034505228,0.4894795481976332,0.5972480893847351,-0.010575123786030744,1118.0
40.0,-0.7375,1.0342081946162214,0.4892512352035653,0.5970106115154841,-0.010686496260577496,1118.0
40.0,-0.735,1.0345829446246164,0.48902685495036263,0.5967759579556021,-0.010795841362720174,1118.0
40.0,-0.7325,1.0349515930158715,0.488806381636236,0.5965441224794186,-0.010903177582637915,1118.0
40.0,-0.73,1.035314179244557,0.4885897894774291,0.5963150987508746,-0.011008523284499444,1118.0
40.0,-0.7275,1.035670742679814,0.48837705270888854,0.5960888803238421,-0.011111896707148176,1119.0
40.0,-0.725,1.0360213226054373,0.48816814558493105,0.5958654606425373,-0.011213315964762646,1118.0
40.0,-0.7225,1.0363659582200992,0.48796304237992,0.5956448330420552,-0.011312799047566472,1118.0
40.0,-0.72,1.0367046886373994,0.48776171738893304,0.5954269907483719,-0.011410363822481485,1118.0
40.0,-0.7175,1.037037552886045,0.4875641449284121,0.5952119268790529,-0.011506028033825368,1118.0
40.0,-0.715,1.0373645899099635,0.4873702993368277,0.5949996344435842,-0.011599809303990363,1118.0
40.0,-0.7125,1.0376858385684533,0.4871801549753209,0.5947901063437826,-0.011691725134133512,1118.0
40.0,-0.71,1.0380013376362958,0.4869936862283604,0.5945833353742357,-0.011781792904858666,1118.0
40.0,-0.7075,1.0383111258039017,0.4868108675043757,0.5943793142227329,-0.011870029876908906,1118.0
40.0,-0.705,1.038615241677438,0.48663167323639545,0.5941780354707147,-0.011956453191855622,1118.0
40.0,-0.7025,1.0389137237789554,0.4864560778826819,0.5939794915937314,-0.012041079872788489,1118.0
40.0,-0.7,1.0392066105465212,0.48628405592735496,0.5937836749619084,-0.012123926825008855,1118.0
40.0,-0.6975,1.0394939403343524,0.4861155818810117,0.5935905778404178,-0.012205010836724416,1118.0
40.0,-0.695,1.0397757514129393,0.4859506302813458,0.5934001923899651,-0.012284348579742676,1118.0
40.0,-0.6925,1.040052081969184,0.4857891756937524,0.5932125106672756,-0.01236195661016943,1118.0
40.0,-0.69,1.0403229701065273,0.4856311927119346,0.5930275246255952,-0.012437851369105803,1118.0
40.0,-0.6875,1.0405884538450774,0.48547665595850237,0.5928452261151977,-0.012512049183346705,1118.0
40.0,-0.685,1.0408485711217494,0.4853255400855605,0.5926656068838954,-0.012584566266083215,1118.0
40.0,-0.6825,1.0411033597903858,0.48517781977530117,0.5924886585775665,-0.012655418717601168,1118.0
40.0,-0.6799999999999999,1.0413528576219044,0.4850334697405737,0.5923143727406742,-0.012724622525988603,1118.0
40.0,-0.6775,1.0415971023044144,0.48489246472546976,0.5921427408168142,-0.012792193567834313,1118.0
40.0,-0.675,1.0418361314433666,0.4847547795058786,0.5919737541492452,-0.012858147608938584,1118.0
40.0,-0.6725,1.0420699825616768,0.48462038889005615,0.5918074039814473,-0.012922500305015492,1118.0
40.0,-0.67,1.042298693099869,0.4844892677191731,0.5916436814576705,-0.012985267202403245,1118.0
40.0,-0.6675,1.0425223004162143,0.4843613908678612,0.5914825776234969,-0.013046463738773252,1118.0
40.0,-0.665,1.0427408417868609,0.4842367332447581,0.5913240834264117,-0.013106105243837604,1118.0
40.0,-0.6625,1.042954354405987,0.4841152697930324,0.5911681897163695,-0.013164206940064007,1118.0
40.0,-0.66,1.0431628753859317,0.48399697549091564,0.5910148872463775,-0.013220783943385129,1118.0
40.0,-0.6575,1.0433664417573458,0.4838818253522166,0.5908641666730754,-0.01327585126391391,1118.0
40.0,-0.655,1.043565090469336,0.4837697944268322,0.5907160185573235,-0.013329423806658167,1118.0
40.0,-0.6525,1.0437588583896067,0.48366085780125434,0.5905704333647991,-0.013381516372234744,1118.0
40.0,-0.65,1.0439477823046206,0.4835549905990595,0.5904274014665862,-0.013432143657589437,1118.0
40.0,-0.6475,1.0441318989197372,0.48345216798140433,0.5902869131397862,-0.013481320256711357,1118.0
40.0,-0.645,1.0443112448593765,0.4833523651475002,0.5901489585681153,-0.01352906066135485,1118.0
40.0,-0.6425,1.0444858566671706,0.48325555733508924,0.590013527842518,-0.013575379261758082,1118.0
40.0,-0.64,1.0446557708061233,0.4831617198209081,0.5898806109617785,-0.013620290347364618,1118.0
40.0,-0.6375,1.0448210236587694,0.48307082792114636,0.5897501978331373,-0.01366380810754506,1118.0
40.0,-0.635,1.0449816515273425,0.4829828569918937,0.5896222782729093,-0.013705946632320961,1118.0
40.0,-0.6325,1.04513769063394,0.48289778242958137,0.5894968420071044,-0.013746719913088968,1118.0
40.0,-0.63,1.0452891771206867,0.4828155796714187,0.5893738786720576,-0.013786141843344028,1118.0
40.0,-0.6275,1.0454361470499165,0.48273622419581347,0.5892533778150492,-0.01382422621940788,1118.0
40.0,-0.625,1.0455786364043416,0.48265969152279103,0.5891353288949368,-0.01386098674115463,1118.0
40.0,-0.6225,1.0457166810872318,0.4825859572144037,0.5890197212827873,-0.013896437012738542,1118.0
40.0,-0.62,1.0458503169225994,0.48251499687512933,0.5889065442625065,-0.01393059054332359,1118.0
40.0,-0.6174999999999999,1.0459795796553768,0.48244678615226677,0.5887957870314776,-0.01396346074781139,1118.0
40.0,-0.615,1.046104504951614,0.48238130073631613,0.588687438701191,-0.013995060947573672,1118.0
40.0,-0.6125,1.0462251283986612,0.48231851636135886,0.5885814882978861,-0.014025404371181422,1118.0
40.0,-0.61,1.0463414855053685,0.4822584088054234,0.5884779247631859,-0.01405450415513778,1118.0
40.0,-0.6074999999999999,1.0464536117022836,0.48220095389084494,0.5883767369547348,-0.014082373344610658,1118.0
40.0,-0.605,1.0465615423418533,0.4821461274846171,0.5882779136468365,-0.014109024894166136,1118.0
40.0,-0.6025,1.046665312698625,0.48209390549873754,0.5881814435310957,-0.014134471668501283,1118.0
40.0,-0.6,1.0467649579694627,0.4820442638905396,0.5880873152170519,-0.0141587264431806,1118.0
40.0,-0.5975,1.0468605132737476,0.4819971786630255,0.5879955172328242,-0.014181801905368519,1118.0
40.0,-0.595,1.0469520136536086,0.4819526258651786,0.5879060380257404,-0.014203710654568527,1118.0
40.0,-0.5925,1.0470394940741257,0.48191058159228306,0.5878188659629842,-0.014224465203355565,1118.0
40.0,-0.59,1.0471229894235516,0.4818710219862263,0.5877339893321413,-0.014244077978111884,1117.0
40.0,-0.5875,1.047202534513572,0.4818339232357854,0.5876513963421773,-0.014262561319774667,1117.0
40.0,-0.585,1.0472781640794777,0.48179926157693426,0.5875710751235628,-0.014279927484555815,1117.0
40.0,-0.5825,1.0473499127804304,0.48176701329311494,0.5874930137292489,-0.014296188644690176,1117.0
40.0,-0.58,1.0474178151996938,0.481737154715513,0.5874172001352118,-0.014311356889171277,1117.0
40.0,-0.5775,1.0474819058448408,0.4817096622233732,0.5873436222410628,-0.014325444224481258,1116.0
40.0,-0.575,1.0475422191480912,0.48168451224407904,0.5872722678707768,-0.014338462575354387,1116.0
40.0,-0.5725,1.047598789466409,0.48166168125367964,0.5872031247731715,-0.014350423785475484,1116.0
40.0,-0.5700000000000001,1.0476516510818428,0.48164114577695666,0.5871361806226335,-0.014361339618243074,1116.0
40.0,-0.5675,1.047700838201745,0.48162288238771434,0.5870714230197218,-0.014371221757498633,1116.0
40.0,-0.565,1.0477463849590234,0.4816068677090138,0.5870088394917874,-0.014380081808264174,1116.0
40.0,-0.5625,1.0477883254123868,0.48159307841340626,0.5869484174935976,-0.014387931297477034,1116.0
40.0,-0.56,1.0478266935465947,0.4815814912231601,0.5868901444079568,-0.014394781674724863,1116.0
40.0,-0.5575,1.0478615232727078,0.4815720829104826,0.5868340075463246,-0.014400644312979672,1116.0
40.0,-0.5549999999999999,1.0478928484283392,0.48156483029773656,0.586779994149432,-0.014405530509331558,1116.0
40.0,-0.5525,1.047920702777903,0.48155971025765565,0.5867280913878975,-0.014409451485719952,1116.0
40.0,-0.55,1.0479451200128653,0.4815566997135532,0.5866782863628401,-0.014412418389665067,1116.0
40.0,-0.5475,1.0479661337519877,0.48155577563953206,0.5866305661064946,-0.014414442294995857,1116.0
40.0,-0.5449999999999999,1.0479837775415815,0.4815569150606855,0.5865849175828168,-0.014415534202579662,1116.0
40.0,-0.5425,1.0479980848557438,0.4815600950533041,0.5865413276880989,-0.014415705041045964,1116.0
40.0,-0.54,1.0480090890966005,0.4815652927450752,0.5864997832515761,-0.014414965667510906,1116.0
40.0,-0.5375,1.0480168235945468,0.481572485315283,0.5864602710360325,-0.01441332686829926,1116.0
40.0,-0.535,1.0480213216084735,0.4815816499950112,0.5864227777384129,-0.014410799359662071,1116.0
40.0,-0.5325,1.0480226163259985,0.48159276406734186,0.5863872899904256,-0.01440739378849391,1116.0
40.0,-0.53,1.0480207408636881,0.4816058048675575,0.5863537943591501,-0.01440312073304612,1116.0
40.0,-0.5275,1.0480157282672675,0.48162074978334696,0.5863222773476469,-0.014397990703635791,1116.0
40.0,-0.525,1.048007611511831,0.4816375762550095,0.5862927253955617,-0.014392014143353272,1116.0
40.0,-0.5225,1.047996423502035,0.4816562617756676,0.586265124879737,-0.014385201428763686,1116.0
40.0,-0.52,1.0479821970722902,0.48167678389147806,0.5862394621148197,-0.014377562870606628,1116.0
40.0,-0.5175,1.0479649649869318,0.4816991202018553,0.5862157233538768,-0.01436910871448846,1116.0
40.0,-0.515,1.0479447599403886,0.48172324835969416,0.5861938947890059,-0.014359849141572883,1116.0
40.0,-0.5125,1.0479216145573302,0.48174914607160424,0.5861739625519552,-0.014349794269264068,1116.0
40.0,-0.51,1.0478955613928047,0.4817767910981499,0.5861559127147428,-0.01433895415188557,1116.0
40.0,-0.5075000000000001,1.0478666329323556,0.48180616125410175,0.5861397312902835,-0.014327338781352141,1116.0
40.0,-0.505,1.0478348615921238,0.4818372344086967,0.5861254042330188,-0.01431495808783588,1116.0
40.0,-0.5025,1.0478002797189343,0.48186998848590873,0.5861129174395489,-0.014301821940426361,1116.0
40.0,-0.5,1.0477629195903524,0.4819044014647353,0.5861022567492786,-0.014287940147781692,1116.0
40.0,-0.4975,1.0477228134147265,0.4819404513794955,0.5860934079450654,-0.014273322458772988,1116.0
40.0,-0.495,1.0476799933312035,0.4819781163201428,0.5860863567538739,-0.014257978563121188,1116.0
40.0,-0.4925,1.0476344914097209,0.48201737443259585,0.5860810888474423,-0.014241918092024432,1116.0
40.0,-0.49,1.0475863396509637,0.48205820391908777,0.5860775898429608,-0.014225150618775547,1116.0
40.0,-0.4875,1.0475355699863018,0.48210058303853276,0.5860758453037546,-0.014207685659371517,1116.0
40.0,-0.485,1.0474822142776927,0.48214449010691357,0.5860758407399816,-0.014189532673112055,1116.0
40.0,-0.4825,1.0474263043175447,0.48218990349769447,0.5860775616093469,-0.014170701063186067,1116.0
40.0,-0.48,1.0473678718285528,0.48223680164225435,0.5860809933178246,-0.014151200177248602,1116.0
40.0,-0.4775,1.0473069484634923,0.4822851630303482,0.5860861212204008,-0.014131039307984188,1116.0
40.0,-0.475,1.0472435658049741,0.4823349662105928,0.5860929306218289,-0.014110227693658979,1116.0
40.0,-0.4725,1.0471777553651556,0.4823861897909854,0.5861014067774054,-0.014088774518657858,1116.0
40.0,-0.47,1.0471095485854105,0.48243881243944864,0.5861115348937641,-0.01406668891400933,1116.0
40.0,-0.46749999999999997,1.0470389768359476,0.4824928128844117,0.586123300129691,-0.014043979957894288,1116.0
40.0,-0.46499999999999997,1.046966071415383,0.4825481699154223,0.58613668759696,-0.014020656676140714,1116.0
40.0,-0.46249999999999997,1.046890863550259,0.4826048623837978,0.5861516823611954,-0.013996728042701282,1116.0
40.0,-0.46,1.0468133843945069,0.48266286920331253,0.5861682694427565,-0.013972202980114697,1116.0
40.0,-0.4575,1.0467336650288572,0.482722169350925,0.5861864338176487,-0.013947090359949961,1116.0
40.0,-0.455,1.0466517364601844,0.48278274186754755,0.5862061604184664,-0.01392139900323157,1116.0
40.0,-0.4525,1.0465676296208135,0.4828445658588155,0.5862274341353894,-0.013895137680852177,1117.0
40.0,-0.45,1.046481375367656,0.48290762049612135,0.5862502398170757,-0.01386831511393695,1117.0
40.0,-0.4475,1.046393004481487,0.4829718850172584,0.586274562271862,-0.013840939974243882,1117.0
40.0,-0.445,1.0463025476659418,0.48303733872755256,0.5863003862687248,-0.01381302088448655,1117.0
40.0,-0.4425,1.0462100355465445,0.48310396100082575,0.5863276965384159,-0.013784566418663338,1117.0
40.0,-0.44,1.0461154986696397,0.48317173128045854,0.5863564777746079,-0.01375558510235777,1117.0
40.0,-0.4375,1.046018967501245,0.4832406290805068,0.5863867146350819,-0.013726085413015888,1117.0
40.0,-0.435,1.0459204724258222,0.48331063398687674,0.5864183917429571,-0.013696075780199147,1117.0
40.0,-0.4325,1.0458200437449618,0.4833817256585604,0.5864514936879649,-0.013665564585811921,1117.0
40.0,-0.43,1.0457177116759866,0.4834538838289312,0.5864860050277674,-0.013634560164304215,1117.0
40.0,-0.4275,1.0456135063504608,0.4835270883071033,0.5865219102893254,-0.013603070802847374,1117.0
40.0,-0.425,1.0455074578126096,0.4836013189793577,0.5865591939703161,-0.013571104741482544,1117.0
40.0,-0.4225,1.0453995960176434,0.48367655581063357,0.5865978405406013,-0.013538670173241812,1117.0
40.0,-0.42,1.045289950829989,0.48375277884608964,0.5866378344437491,-0.013505775244240693,1117.0
40.0,-0.4175,1.0451785520214187,0.48382996821273533,0.5866791600986095,-0.013472428053741891,1117.0
40.0,-0.415,1.045065429269082,0.48390810412113433,0.5867218019009494,-0.013438636654189203,1117.0
40.0,-0.4125,1.044950612153431,0.4839871668671834,0.5867657442251419,-0.01340440905121094,1117.0
40.0,-0.41,1.0448341301560498,0.484067136833962,0.5868109714259174,-0.01336975320359447,1117.0
40.0,-0.4075,1.0447160126573698,0.4841479944936634,0.5868574678401742,-0.013334677023227623,1117.0
40.0,-0.40499999999999997,1.0445962889342861,0.48422972040959916,0.5869052177888536,-0.01329918837501048,1117.0
40.0,-0.40249999999999997,1.0444749881576616,0.48431229523828473,0.5869542055788747,-0.013263295076734688,1117.0
40.0,-0.39999999999999997,1.0443521393897262,0.48439569973160357,0.5870044155051378,-0.013227004898931137,1117.0
40.0,-0.3975,1.044227771581375,0.48447991473904806,0.5870558318526747,-0.013190325564688766,1118.0
40.0,-0.395,1.0441019135693206,0.4845649212100539,0.5871084388984386,-0.013153264749428663,1118.0
40.0,-0.3925,1.043974594073279,0.48465070019631235,0.5871622209139344,-0.013115830080688735,1119.0
40.0,-0.39,1.0438458416926326,0.48473723285458975,0.5872171621674797,-0.013078029137760466,1119.0
40.0,-0.3875,1.0437156849037141,0.4848245004488067,0.5872732469261136,-0.013039869451492141,1119.0
40.0,-0.385,1.0435841520562958,0.48491248435300827,0.5873304594583514,-0.013001358503874738,1118.0
40.0,-0.3825,1.0434512713702722,0.485001166054028,0.5873887840365088,-0.012962503727677297,1118.0
40.0,-0.38,1.0433170709322763,0.48509052715427353,0.58744820493932,-0.012923312506060443,1118.0
40.0,-0.3775,1.0431815786920986,0.48518054937462857,0.5875087064544765,-0.012883792172135191,1118.0
40.0,-0.375,1.0430448224590612,0.4852712145574151,0.5875702728813029,-0.01284395000850582,1118.0
40.0,-0.3725,1.0429068298982989,0.4853625046694302,0.5876328885334787,-0.012803793246785305,1118.0
40.0,-0.37,1.042767628526951,0.485454401805062,0.58769653774182,-0.012763329067083117,1118.0
40.0,-0.3675,1.0426272457102783,0.4855468881894716,0.5877612048571208,-0.01272256459747118,1118.0
40.0,-0.365,1.0424857086577142,0.4856399461818444,0.5878268742530441,-0.012681506913427955,1118.0
40.0,-0.3625,1.0423430444188424,0.48573355827870873,0.5878935303290698,-0.012640163037261154,1118.0
40.0,-0.36,1.0421992798793325,0.4858277071173109,0.5879611575134832,-0.012598539937515564,1118.0
40.0,-0.3575,1.0420544417568198,0.4859223754790525,0.5880297402664113,-0.012556644528363905,1118.0
40.0,-0.355,1.041908556596757,0.4860175462929766,0.5880992630828937,-0.012514483668987305,1118.0
40.0,-0.3525,1.0417616507682388,0.4861132026393039,0.5881697104959857,-0.012472064162946436,1118.0
40.0,-0.35,1.0416137504598195,0.4862093277530083,0.5882410670798852,-0.01242939275754859,1118.0
40.0,-0.3475,1.0414648816753302,0.4863059050274321,0.5883133174530814,-0.012386476143212338,1118.0
40.0,-0.345,1.0413150702297185,0.48640291801792684,0.588386446281507,-0.01234332095283725,1118.0
40.0,-0.34249999999999997,1.0411643417449212,0.48650035044551776,0.5884604382816974,-0.012299933761180647,1118.0
40.0,-0.33999999999999997,1.0410127216457954,0.4865981862005806,0.5885352782239364,-0.012256321084248937,1118.0
40.0,-0.33749999999999997,1.040860235156116,0.486696409346527,0.5886109509353851,-0.012212489378706504,1118.0
40.0,-0.33499999999999996,1.040706907294679,0.4867950041234802,0.5886874413031784,-0.012168445041312429,1118.0
40.0,-0.3325,1.0405527628715214,0.48689395495193905,0.5887647342774721,-0.012124194408388852,1118.0
40.0,-0.33,1.0403978264842837,0.4869932464364167,0.5888428148744387,-0.012079743755328793,1118.0
40.0,-0.3275,1.0402421225147531,0.4870928633690397,0.5889216681791805,-0.01203509929615359,1118.0
40.0,-0.325,1.040085675125613,0.48719279073309346,0.5890012793485531,-0.01199026718312831,1118.0
40.0,-0.3225,1.0399285082574288,0.48729301370650674,0.5890816336138769,-0.011945253506443468,1118.0
40.0,-0.32,1.0397706456259137,0.48739351766525213,0.5891627162835162,-0.011900064293975896,1118.0
40.0,-0.3175,1.0396121107195129,0.48749428818664786,0.5892445127453007,-0.011854705511140363,1118.0
40.0,-0.315,1.0394529267973491,0.48759531105254345,0.5893270084687675,-0.011809183060844613,1118.0
40.0,-0.3125,1.0392931168875787,0.4876965722523701,0.5894101890071952,-0.011763502783561823,1118.0
40.0,-0.31,1.0391327037862084,0.4877980579860337,0.5894940399993992,-0.011717670457536022,1118.0
40.0,-0.3075,1.0389717100564393,0.48789975466662133,0.5895785471712536,-0.0116716917991404,1118.0
40.0,-0.305,1.0388101580285904,0.4880016489229066,0.5896636963369055,-0.01162557246340318,1118.0
40.0,-0.3025,1.0386480698006786,0.4881037276016147,0.5897494733996435,-0.011579318044725133,1118.0
40.0,-0.3,1.0384854672397317,0.4882059777694225,0.5898358643523675,-0.011532934077811079,1118.0
40.0,-0.2975,1.0383223719839147,0.48830838671465787,0.5899228552776236,-0.011486426038839913,1118.0
40.0,-0.295,1.038158805445571,0.4884109419486603,0.5900104323471368,-0.01143979934690286,1118.0
40.0,-0.2925,1.0379947888152734,0.4885136312067616,0.5900985818207928,-0.011393059365740156,1118.0
40.0,-0.29,1.0378303430670024,0.4886164424488449,0.5901872900449967,-0.011346211405809915,1118.0
40.0,-0.2875,1.0376654889645884,0.4887193638594214,0.5902765434503338,-0.011299260726731703,1118.0
40.0,-0.285,1.0375002470695405,0.48882238384718285,0.590366328548458,-0.011252212540141544,1118.0
40.0,-0.2825,1.0373346377504413,0.48892549104395405,0.5904566319281074,-0.011205072013012612,1118.0
40.0,-0.27999999999999997,1.037168681194068,0.489028674302984,0.59054744025015,-0.011157844271490764,1118.0
40.0,-0.27749999999999997,1.03700239741845,0.4891319226964898,0.5906387402415468,-0.011110534405308608,1118.0
40.0,-0.27499999999999997,1.036835806288069,0.48923522551237925,0.5907305186881019,-0.01106314747284023,1118.0
40.0,-0.27249999999999996,1.0366689275314749,0.48933857225003197,0.5908227624258534,-0.011015688506880738,1118.0
40.0,-0.27,1.0365017807615744,0.4894419526150483,0.5909154583309503,-0.010968162521228146,1118.0
40.0,-0.2675,1.0363343854989258,0.489545356512826,0.5910085933078251,-0.010920574518169779,1118.0
40.0,-0.265,1.0361667611983931,0.48964877404082774,0.5911021542754612,-0.010872929496980401,1118.0
40.0,-0.2625,1.0359989272795682,0.48975219547937543,0.5911961281515177,-0.01082523246355703,1118.0
40.0,-0.26,1.0358309031614277,0.48985561128078264,0.5912905018340459,-0.010777488441332878,1118.0
40.0,-0.2575,1.035662708301748,0.48995901205661874,0.5913852621804959,-0.010729702483629946,1118.0
40.0,-0.255,1.0354943622418846,0.4900623885628552,0.5914803959836676,-0.01068187968763603,1118.0
40.0,-0.2525,1.0353258846576077,0.4901657316826217,0.5915758899442078,-0.010634025210216076,1118.0
40.0,-0.25,1.0351572954167871,0.49026903240624137,0.5916717306392025,-0.010586144285801706,1118.0
40.0,-0.24749999999999994,1.0349886146448328,0.49037228180818676,0.5917679044863441,-0.010538242246634202,1118.0
40.0,-0.245,1.0348198627989496,0.49047547102051575,0.5918643977030705,-0.010490324545684987,1118.0
40.0,-0.24249999999999994,1.034651060752423,0.49057859120229247,0.5919611962599797,-0.010442396782625273,1118.0
40.0,-0.24,1.0344822298903358,0.49068163350441857,0.5920582858277244,-0.01039446473327132,1118.0
40.0,-0.23750000000000004,1.0343133922183598,0.49078458902919364,0.5921556517164456,-0.01034653438300877,1118.0
40.0,-0.235,1.0341445704865369,0.4908874487838129,0.5922532788066586,-0.010298611964778439,1118.0
40.0,-0.23250000000000004,1.033975788330264,0.4909902036268805,0.5923511514703271,-0.010250704002301408,1118.0
40.0,-0.22999999999999998,1.0338070704311115,0.4910928442068399,0.5924492534806337,-0.010202817359344054,1118.0
40.0,-0.22750000000000004,1.0336384427005332,0.49119536089103966,0.5925475679087016,-0.010154959295957805,1118.0
40.0,-0.22499999999999998,1.0334699324901009,0.4912977436839061,0.5926460770052093,-0.010107137532799832,1118.0
40.0,-0.22250000000000003,1.0333015688325422,0.4913999821324129,0.5927447620644661,-0.010059360324840795,1118.0
40.0,-0.21999999999999997,1.0331333827186644,0.49150206521669243,0.5928436032680594,-0.01001163654600966,1118.0
40.0,-0.21750000000000003,1.0329654074162289,0.4916039812232068,0.5929425795046387,-0.009963975786622437,1118.0
40.0,-0.21499999999999997,1.0327976788379967,0.49170571759738957,0.593041668161739,-0.009916388465797541,1118.0
40.0,-0.21250000000000002,1.0326302359676576,0.49180726077201553,0.5931408448847064,-0.009868885961510343,1118.0
40.0,-0.20999999999999996,1.0324631213540763,0.49190859596680536,0.5932400832968172,-0.009821480761465651,1118.0
40.0,-0.20750000000000002,1.0322963816865214,0.49200970695377744,0.5933393546734178,-0.009774186638645444,1118.0
40.0,-0.20499999999999996,1.0321300684662458,0.49211057578167045,0.5934386275613948,-0.009727018856209038,1118.0
40.0,-0.2025,1.0319642387931782,0.49221118245124434,0.5935378673333613,-0.0096799944074559,1118.0
40.0,-0.19999999999999996,1.0317989562907117,0.4923115045313886,0.5936370356635745,-0.00963313229784346,1118.0
40.0,-0.1975,1.031634292196922,0.49241151670356154,0.5937360899095768,-0.009586453877677587,1118.0
40.0,-0.19499999999999995,1.0314703266573273,0.4925111902190365,0.5938349823797436,-0.009539983236149787,1118.0
40.0,-0.1925,1.031307150262877,0.49261049224955417,0.5939336594620901,-0.00949374766999927,1118.0
40.0,-0.18999999999999995,1.0311448658879367,0.4927093851069421,0.5940320605834593,-0.009447778243439195,1118.0
40.0,-0.1875,1.0309835908972669,0.49280782530078215,0.5941301169602163,-0.00940211046029978,1118.0
40.0,-0.18499999999999994,1.030823459809546,0.4929057623946887,0.5942277500911516,-0.009356785074966904,1118.0
40.0,-0.1825,1.0306646275292093,0.4930031376106245,0.5943248699297007,-0.009311849076030396,1118.0
40.0,-0.17999999999999994,1.0305072732904037,0.4930998821158432,0.5944213726546252,-0.009267356886258064,1118.0
40.0,-0.1775,1.0303516054994482,0.493195914907252,0.5945171379344244,-0.009223371835397598,1118.0
40.0,-0.17499999999999993,1.0301978677192805,0.4932911401812906,0.5946120255488663,-0.009179967979581786,1119.0
40.0,-0.1725,1.0300463461167255,0.4933854440410543,0.5947058711871036,-0.009137232364495882,1119.0
40.0,-0.17000000000000004,1.0298973787992804,0.4934786903423653,0.594798481184541,-0.009095267861450441,1119.0
40.0,-0.16749999999999998,1.0297513676139745,0.49357071541110614,0.5948896258759742,-0.009054196749539781,1119.0
40.0,-0.16500000000000004,1.0296087931849616,0.4936613212665055,0.5949790311317479,-0.009014165278648715,1119.0
40.0,-0.16249999999999998,1.0294702342542679,0.4937502668464995,0.5950663674813188,-0.008975349534818124,1119.0
40.0,-0.16000000000000003,1.029336392801512,0.49383725653186145,0.5951512360000416,-0.008937963053400033,1119.0
40.0,-0.15749999999999997,1.0292081270135722,0.4939219249752526,0.5952331498036835,-0.008902266804533092,1119.0
40.0,-0.15500000000000003,1.0290864950477523,0.4940038168121577,0.595311509510085,-0.008868582437781216,1119.0
40.0,-0.15249999999999997,1.0289728138288512,0.4940823591876986,0.5953855703072556,-0.008837310062186314,1119.0
40.0,-0.15000000000000002,1.0288687390753866,0.494156824055808,0.5954543971830215,-0.008808952424197018,1119.0
40.0,-0.14749999999999996,1.028776375739476,0.49422627569861194,0.5955168032156325,-0.008784148240994931,1119.0
40.0,-0.14500000000000002,1.0286984326806847,0.49428949655045384,0.5955712632606092,-0.008763718832376316,1119.0
40.0,-0.14249999999999996,1.0286384426796424,0.49434488065475163,0.5956157913454717,-0.008748734367382325,1119.0
40.0,-0.14,1.0286010804746952,0.49439027803596186,0.5956477637005219,-0.008740609486098182,1119.0
40.0,-0.13749999999999996,1.0285926300292372,0.4944227634491156,0.5956636591587215,-0.008741243549501076,1119.0
40.0,-0.135,1.0286216818252374,0.4944382869926876,0.5956586724076531,-0.00875322950303638,1119.0
40.0,-0.13249999999999995,1.0287001873432937,0.4944311384138345,0.5956261301759469,-0.008780168931214867,1119.0
40.0,-0.13,1.0288450664663193,0.4943931175504671,0.5955566029913163,-0.008827150748187722,1119.0
40.0,-0.12749999999999995,1.0290806496228617,0.49431225013261726,0.5954365584071527,-0.008901475232163066,1119.0
40.0,-0.125,1.0294422888524613,0.49417084302116276,0.595246373858195,-0.009013717441205391,1119.0
40.0,-0.12249999999999994,1.029981283575858,0.49394273773861697,0.5949576319160036,-0.009179160681338271,1119.0
40.0,-0.12,1.030770231328282,0.4935901166405534,0.5945301875109846,-0.009419308531056584,1118.0
40.0,-0.11749999999999994,1.0319048656183611,0.4930618141907348,0.5939111544930671,-0.009762259921214315,1118.0
40.0,-0.11499999999999999,1.0334932639433123,0.4922980558654036,0.5930407556740607,-0.010239205359037747,1118.0
40.0,-0.11249999999999993,1.0356232782634998,0.4912472645240726,0.5918699549605639,-0.010874422058493259,1118.0
40.0,-0.10999999999999999,1.038319211967514,0.48989034965586215,0.5903838592912742,-0.011672367253807272,1117.0
40.0,-0.10750000000000004,1.0415254568835675,0.48825221965928356,0.5886105808971013,-0.01261333001042253,1117.0
40.0,-0.10499999999999998,1.0451352235590656,0.4863884455384866,0.5866059403478715,-0.013662727122276352,1116.0
40.0,-0.10250000000000004,1.0490345294033374,0.4843615171200739,0.5844300821376047,-0.014784628331433033,1115.0
40.0,-0.09999999999999998,1.0531294568656375,0.4822248051746081,0.5821330271656591,-0.01594987095571617,1115.0
40.0,-0.09750000000000003,1.0573534218456457,0.4800173660689226,0.5797507957763918,-0.017138005496055795,1114.0
40.0,-0.09499999999999997,1.0616643111391963,0.4777647564413496,0.5773068331954608,-0.018336196331963536,1114.0
40.0,-0.09250000000000003,1.0660389627584663,0.47548172505738245,0.5748148017193119,-0.01953737660014664,1113.0
40.0,-0.08999999999999997,1.070468029099178,0.47317494083471084,0.5722811651749454,-0.02073857233441004,1112.0
40.0,-0.08750000000000002,1.0749519426411158,0.47084523122013533,0.5697072066433361,-0.021939600600239976,1112.0
40.0,-0.08499999999999996,1.07949790840204,0.46848930036949155,0.5670905278074361,-0.023142107454974446,1112.0
40.0,-0.08250000000000002,1.0841176755721182,0.4661010287802339,0.5644261610737671,-0.024348862804299185,1112.0
40.0,-0.07999999999999996,1.0888258587704707,0.46367246608529283,0.5617074125417806,-0.025563237381833564,1112.0
40.0,-0.07750000000000001,1.0936386355823298,0.4611946074370715,0.558926523274555,-0.026788806107144743,1111.0
40.0,-0.07499999999999996,1.0985726995463887,0.45865801938770584,0.5560752089683196,-0.028029039413903705,1110.0
40.0,-0.07250000000000001,1.1036443893087526,0.4560533601036252,0.5531451170733254,-0.02928705767650883,1108.0
40.0,-0.06999999999999995,1.1088689467025028,0.45337182166838125,0.5501282245022302,-0.030565434078046207,1108.0
40.0,-0.0675,1.114259881395777,0.4506055084696395,0.5470171867709077,-0.031866038876772175,1108.0
40.0,-0.06499999999999995,1.1198284388181496,0.44774775480555845,0.5438056399306646,-0.033189923471178696,1106.0
40.0,-0.0625,1.1255831814693038,0.4447933769658322,0.540488449782116,-0.034537246044771645,1106.0
40.0,-0.05999999999999994,1.131529700877627,0.4417388505630859,0.5370618988994814,-0.03590724185325172,1105.0
40.0,-0.057499999999999996,1.137670477789833,0.43858240324762093,0.5335238013110509,-0.037298240409938815,1103.0
40.0,-0.05499999999999994,1.1440049016834148,0.43532401619618066,0.5298735373633388,-0.03870772918344728,1102.0
40.0,-0.05249999999999999,1.150529448648847,0.43196533429899414,0.5261120068955963,-0.04013245954582128,1101.0
40.0,-0.05,1.157238001645162,0.4285094933900335,0.5222415062258161,-0.04156858651044369,1101.0
